{"cameraMode":{"drawMode":0,"name":"Shaded","section":"Shading Mode"},"sceneLighting":true,"audioPlay":false,"sceneViewState":{"showFog":true,"showMaterialUpdate":false,"showSkybox":true,"showFlares":true,"showImageEffects":true,"showParticleSystems":true,"showVisualEffectGraphs":true,"m_FxEnabled":true},"in2DMode":false,"pivot":{"x":-1.0183876752853394,"y":2.4110071659088136,"z":0.9656045436859131},"rotation":{"x":-0.17398037016391755,"y":-0.10113807022571564,"z":0.017966220155358316,"w":-0.9793784618377686},"size":6.2420430183410648,"orthographic":false}